# 301 Redirects for pages that redirect (fix Google Search Console issues)

# www to non-www redirect (force with !)
https://www.barskydesign.pro/*   https://barskydesign.pro/:splat   301!

# Old URL redirects
/web-development                 /design-services/web-development  301
/project/investor-loan-app       /                                  301
/project/wholesale-distribution  /project/business-management       301
/blog/design-system-that-gets-used  /blog/design-systems-that-get-used  301

# Serve static assets first
/lovable-uploads/*   /lovable-uploads/:splat   200
/assets/*            /assets/:splat            200
/static/*            /static/:splat            200
/images/*            /images/:splat            200

# Trailing slash redirects (prevent duplicate content)
/project/*/   /project/:splat   301
/blog/*/      /blog/:splat      301

# Serve prerendered project pages (only those that exist and don't redirect)
/project/herbalink              /project/herbalink/index.html              200
/project/splittime              /project/splittime/index.html              200
/project/business-management    /project/business-management/index.html    200
/project/barskyjoint            /project/barskyjoint/index.html            200
/project/crypto                 /project/crypto/index.html                 200
/project/smarterhealth          /project/smarterhealth/index.html          200
/project/medication-app         /project/medication-app/index.html         200
/project/gold2crypto            /project/gold2crypto/index.html            200
/project/dae-search             /project/dae-search/index.html             200

# Serve prerendered static pages
/design-services                /design-services/index.html                200
/design-services/ux-ui-design   /design-services/ux-ui-design/index.html   200
/design-services/mobile-app-design /design-services/mobile-app-design/index.html 200
/design-services/web-development /design-services/web-development/index.html 200
/store                          /store/index.html                          200
/blog                           /blog/index.html                           200
/about                          /about/index.html                          200
/contact                        /contact/index.html                        200

# Serve prerendered blog posts
/blog/finding-first-ux-job-guide       /blog/finding-first-ux-job-guide/index.html       200
/blog/ai-enhanced-ux-designer-future   /blog/ai-enhanced-ux-designer-future/index.html   200
/blog/built-product-without-real-data  /blog/built-product-without-real-data/index.html  200
/blog/design-systems-that-get-used     /blog/design-systems-that-get-used/index.html     200
/blog/case-study-writing               /blog/case-study-writing/index.html               200
/blog/user-research-shoestring-budget  /blog/user-research-shoestring-budget/index.html  200
/blog/building-products-nobody-asked-for /blog/building-products-nobody-asked-for/index.html 200
/blog/wireframes-to-wow-visual-hierarchy /blog/wireframes-to-wow-visual-hierarchy/index.html 200
/blog/beautiful-interface-doesnt-convert /blog/beautiful-interface-doesnt-convert/index.html 200
/blog/research-without-users           /blog/research-without-users/index.html           200

# Fallback to SPA for all other routes
/*                   /index.html               200
